,colname,psi,size
0,yearsExperience_bin,2.9434417453884974e-06,500000
1,milesFromMetropolis_bin,9.227575043288326e-06,500000
2,companyId_int,1.3681298799846629e-05,500000
3,jobType_int,7.901618991884048e-06,500000
4,degree_int,3.346309762481226e-05,500000
5,major_int,3.659785404681969e-05,500000
6,industry_int,1.3590145239559664e-05,500000
